report_id,fault_pattern_id,fault_mode,asset_id,model_no,linked_wo,failure_ts,symptoms,diagnosis,parts_replaced,downtime_hours,technician
RPT-4001,FP-01,BEARING_WEAR,AST-003,ATLAS-GA30,WO-24101,2026-07-09T08:38:43.851042,"Comp tripped high vib alarm 8.2mm/s. NDE 6312 brg cage broken, rollers pitted, inner race scored.",Grease contamination via auto-luber,"BRG-6312-2RS x2, GRS-EP2",9.5,A. Shirodkar
RPT-4002,FP-01,BEARING_WEAR,AST-009,ABB-M3BP-180,WO-24290,2026-06-27T01:38:43.851042,"DE brg failed night shift, line down. Vib trending up 10 days, alert missed. 6316 seized, pressed out.","End of brg life ~14 months duty, monitoring gap",BRG-6316-C3 x2,12.0,S. Kadam
RPT-4003,FP-01,BEARING_WEAR,AST-007,ATLAS-GA30,,2025-04-15T04:38:43.851042,"Vib rose from 3.4 to 7+ over a week, NDE brg rough on stethoscope, temp up 8C.","Brg wear early stage, caught on rounds","BRG-6312-2RS x2, GRS-EP2",6.0,R. Naik
RPT-4004,FP-01,BEARING_WEAR,AST-005,ABB-M3BP-160,,2023-08-19T07:38:43.851042,"Main motor vib 6.8mm/s and climbing, brg temp 74C. Axial play felt at DE.","DE brg wear, lubrication starvation suspected","BRG-6312-2RS x1, GRS-EP2",7.5,A. Shirodkar
RPT-4005,FP-01,BEARING_WEAR,AST-001,ABB-M3BP-160,,2026-01-25T05:38:43.851042,"Vib alarm 8mm/s, brg noisy. Cage wear visible on strip down, rollers dull.","Normal wear, PM interval too long for duty",BRG-6312-2RS x2,8.0,M. D'Souza
RPT-4006,FP-02,COOLING_DEGRADATION,AST-011,DAIKIN-JT160,WO-24255,2026-07-05T15:38:43.851042,"Chiller disch temp creeping 2 wks, approach temp widened. Condenser coil choked with dust/fluff.","Packing area extraction not working, housekeeping","FLT-COND-JT160, COIL-CLEAN-KIT",4.5,A. Shirodkar
RPT-4007,FP-02,COOLING_DEGRADATION,AST-003,ATLAS-GA30,,2024-07-17T16:38:43.851042,"Comp running 78C vs 71C normal, vib normal. Cooler fins packed with dust.","Blocked cooler, ambient dust ingress",COIL-CLEAN-KIT,3.0,V. Gawas
RPT-4008,FP-02,COOLING_DEGRADATION,AST-007,ATLAS-GA30,,2025-02-23T05:38:43.851042,"Discharge temp high alarm 82C. Aftercooler fouled, fan belt glazed.",Cooler fouling + fan belt slip,"COIL-CLEAN-KIT, BELT-SPB-2500",4.0,R. Naik
RPT-4009,FP-02,COOLING_DEGRADATION,AST-011,DAIKIN-JT160,,2024-01-25T11:38:43.851042,"Head pressure high, temp trending up 10 days. Cond filter overdue.",Filter overdue - PM missed during shutdown,FLT-COND-JT160,2.5,S. Kadam
RPT-4010,FP-02,COOLING_DEGRADATION,AST-006,REXROTH-A10,,2025-03-04T23:38:43.851042,"Hyd oil temp 68C vs 60 normal, vib ok. Heat exchanger scaled inside.","Cooling water hardness, exchanger scaling",COIL-CLEAN-KIT,5.0,A. Shirodkar
RPT-4011,FP-03,SENSOR_FAULT,AST-010,KSB-ETN-100,WO-24333,2026-06-30T11:38:43.851042,"Vib reading flat 2.9 exactly for days, pump sounds normal. Accel cable chafed thru at gland.",Cable chafe on steam line route,"TX-VIB-100mV, CBL-M12-5M",1.0,R. Naik
RPT-4012,FP-03,SENSOR_FAULT,AST-002,KSB-ETN-080,,2026-02-21T06:38:43.851042,"Temp reading stuck 55.0 for 3 shifts, pump normal on touch. RTD open circuit intermittent.",RTD lead fatigue at terminal head,CBL-M12-5M,1.5,P. Fernandes
RPT-4013,FP-03,SENSOR_FAULT,AST-008,CG-ND132,,2023-08-23T17:38:43.851042,"Vib flatline zero, fan clearly running. Accel mount stud sheared, sensor hanging.",Mount stud failure - vibration fatigue,TX-VIB-100mV,1.0,S. Kadam
RPT-4014,FP-03,SENSOR_FAULT,AST-012,SIEM-1LE1,,2025-06-01T00:38:43.851042,"Current reading frozen mid-value, agitator fine. CT wiring loose in panel.","Loose terminal, panel vibration",,0.5,V. Gawas
RPT-4015,FP-03,SENSOR_FAULT,AST-005,ABB-M3BP-160,,2024-08-08T10:38:43.851042,"Vib stuck at 2.0 for a week, quality flag still GOOD. Flag logic only checks range not variance.",Sensor stuck + monitoring flag gap,TX-VIB-100mV,1.0,A. Shirodkar
RPT-4016,FP-04,BELT_SLIP_RPM,AST-004,SIEM-1LE1,,2024-07-09T08:38:43.851042,"Conveyor speed hunting +-40rpm, squeal on load steps. Belt glazed and loose.","Belt tension lost, glazing from slip",BELT-SPB-2500,2.0,M. D'Souza
RPT-4017,FP-04,BELT_SLIP_RPM,AST-004,SIEM-1LE1,,2025-07-17T03:38:43.851042,"RPM dips under load, product spacing drifting. Belt worn, sheave groove polished.","Belt end of life, sheave wear starting",BELT-SPB-2500,3.0,S. Kadam
RPT-4018,FP-04,BELT_SLIP_RPM,AST-012,SIEM-1LE1,,2024-11-13T13:38:43.851042,"Agitator speed unstable, slipping on start. Belt oil-contaminated from gearbox leak.",Oil on belt - gearbox seal weep,"BELT-SPB-2500, SEAL-TC-50x72",4.0,A. Shirodkar
RPT-4019,FP-04,BELT_SLIP_RPM,AST-008,CG-ND132,,2024-07-14T21:38:43.851042,"Fan rpm sagging 5% intermittent, airflow alarms. Belt stretched beyond adjuster range.","Belt stretched, adjuster at limit",BELT-SPB-2500,2.5,S. Kadam
RPT-4020,FP-04,BELT_SLIP_RPM,AST-004,SIEM-1LE1,,2026-01-09T17:38:43.851042,"Speed oscillation with 8s period under full load. Tension ok, sheave key worn.",Sheave key wear - backlash hunting,,5.0,S. Kadam
