asset_id,asset_name,asset_type,line_id,model_no,install_date,criticality
AST-001,Line1 Main Drive Motor,MOTOR,L1,ABB-M3BP-160,2019-03-12,HIGH
AST-002,Line1 Coolant Pump,PUMP,L1,KSB-ETN-080,2020-07-01,MEDIUM
AST-003,Line1 Air Compressor,COMPRESSOR,L1,ATLAS-GA30,2018-11-20,HIGH
AST-004,Line1 Conveyor Motor,MOTOR,L1,SIEM-1LE1,2021-02-14,LOW
AST-005,Line2 Main Drive Motor,MOTOR,L2,ABB-M3BP-160,2019-05-30,HIGH
AST-006,Line2 Hydraulic Pump,PUMP,L2,REXROTH-A10,2020-01-22,MEDIUM
AST-007,Line2 Air Compressor,COMPRESSOR,L2,ATLAS-GA30,2017-09-08,HIGH
AST-008,Line2 Exhaust Fan Motor,MOTOR,L2,CG-ND132,2022-06-10,LOW
AST-009,Line3 Main Drive Motor,MOTOR,L3,ABB-M3BP-180,2018-04-02,HIGH
AST-010,Line3 Process Pump,PUMP,L3,KSB-ETN-100,2019-12-15,MEDIUM
AST-011,Line3 Chiller Compressor,COMPRESSOR,L3,DAIKIN-JT160,2020-10-05,HIGH
AST-012,Line3 Agitator Motor,MOTOR,L3,SIEM-1LE1,2021-08-19,LOW
