line_id,shift_date,shift_no,planned_minutes,planned_units,actual_units,good_units
L1,2026-04-27,1,480,960,941,937
L1,2026-04-27,2,480,960,936,924
L1,2026-04-27,3,480,960,900,872
L1,2026-04-28,1,480,960,909,890
L1,2026-04-28,2,480,960,901,885
L1,2026-04-28,3,480,960,888,882
L1,2026-04-29,1,480,960,949,926
L1,2026-04-29,2,480,960,869,861
L1,2026-04-29,3,480,960,889,875
L1,2026-04-30,1,480,960,912,890
L1,2026-04-30,2,480,960,941,917
L1,2026-04-30,3,480,960,932,915
L1,2026-05-01,1,480,960,904,894
L1,2026-05-01,2,480,960,911,895
L1,2026-05-01,3,480,960,929,927
L1,2026-05-02,1,360,720,652,649
L1,2026-05-02,2,360,720,652,631
L1,2026-05-02,3,360,720,707,684
L1,2026-05-03,1,360,720,661,659
L1,2026-05-03,2,360,720,698,683
L1,2026-05-03,3,360,720,680,663
L1,2026-05-04,1,480,960,896,892
L1,2026-05-04,2,480,960,864,849
L1,2026-05-04,3,480,960,883,877
L1,2026-05-05,1,480,960,902,898
L1,2026-05-05,2,480,960,888,876
L1,2026-05-05,3,480,960,925,918
L1,2026-05-06,1,480,960,947,944
L1,2026-05-06,2,480,960,905,892
L1,2026-05-06,3,480,960,935,912
L1,2026-05-07,1,480,960,935,910
L1,2026-05-07,2,480,960,941,919
L1,2026-05-07,3,480,960,887,856
L1,2026-05-08,1,480,960,868,846
L1,2026-05-08,2,480,960,948,915
L1,2026-05-08,3,480,960,903,873
L1,2026-05-09,1,360,720,676,665
L1,2026-05-09,2,360,720,665,656
L1,2026-05-09,3,360,720,699,692
L1,2026-05-10,1,360,720,690,687
L1,2026-05-10,2,360,720,701,695
L1,2026-05-10,3,360,720,699,688
L1,2026-05-11,1,480,960,897,866
L1,2026-05-11,2,480,960,946,920
L1,2026-05-11,3,480,960,868,837
L1,2026-05-12,1,480,960,905,878
L1,2026-05-12,2,480,960,867,849
L1,2026-05-12,3,480,960,949,916
L1,2026-05-13,1,480,960,876,868
L1,2026-05-13,2,480,960,900,876
L1,2026-05-13,3,480,960,926,906
L1,2026-05-14,1,480,960,909,890
L1,2026-05-14,2,480,960,943,913
L1,2026-05-14,3,480,960,946,937
L1,2026-05-15,1,480,960,0,0
L1,2026-05-15,2,480,960,718,715
L1,2026-05-15,3,480,960,922,899
L1,2026-05-16,1,360,720,689,685
L1,2026-05-16,2,360,720,660,637
L1,2026-05-16,3,360,720,662,647
L1,2026-05-17,1,360,720,659,642
L1,2026-05-17,2,360,720,672,660
L1,2026-05-17,3,360,720,648,645
L1,2026-05-18,1,480,960,932,917
L1,2026-05-18,2,480,960,937,926
L1,2026-05-18,3,480,960,935,915
L1,2026-05-19,1,480,960,890,870
L1,2026-05-19,2,480,960,942,921
L1,2026-05-19,3,480,960,880,856
L1,2026-05-20,1,480,960,877,869
L1,2026-05-20,2,480,960,922,919
L1,2026-05-20,3,480,960,950,938
L1,2026-05-21,1,480,960,907,899
L1,2026-05-21,2,480,960,867,852
L1,2026-05-21,3,480,960,927,902
L1,2026-05-22,1,480,960,880,853
L1,2026-05-22,2,480,960,910,907
L1,2026-05-22,3,480,960,923,907
L1,2026-05-23,1,360,720,677,674
L1,2026-05-23,2,360,720,675,664
L1,2026-05-23,3,360,720,689,666
L1,2026-05-24,1,360,720,683,665
L1,2026-05-24,2,360,720,651,646
L1,2026-05-24,3,360,720,673,655
L1,2026-05-25,1,480,960,947,938
L1,2026-05-25,2,480,960,923,898
L1,2026-05-25,3,480,960,938,935
L1,2026-05-26,1,480,960,931,899
L1,2026-05-26,2,480,960,914,882
L1,2026-05-26,3,480,960,938,932
L1,2026-05-27,1,480,960,907,894
L1,2026-05-27,2,480,960,883,854
L1,2026-05-27,3,480,960,898,869
L1,2026-05-28,1,480,960,911,885
L1,2026-05-28,2,480,960,910,878
L1,2026-05-28,3,480,960,906,890
L1,2026-05-29,1,480,960,949,945
L1,2026-05-29,2,480,960,921,893
L1,2026-05-29,3,480,960,871,850
L1,2026-05-30,1,360,720,678,658
L1,2026-05-30,2,360,720,700,680
L1,2026-05-30,3,360,720,660,641
L1,2026-05-31,1,360,720,677,666
L1,2026-05-31,2,360,720,681,667
L1,2026-05-31,3,360,720,684,674
L1,2026-06-01,1,480,960,949,946
L1,2026-06-01,2,480,960,930,920
L1,2026-06-01,3,480,960,899,881
L1,2026-06-02,1,480,960,892,866
L1,2026-06-02,2,480,960,899,894
L1,2026-06-02,3,480,960,933,905
L1,2026-06-03,1,480,960,884,868
L1,2026-06-03,2,480,960,923,910
L1,2026-06-03,3,480,960,897,869
L1,2026-06-04,1,480,960,897,883
L1,2026-06-04,2,480,960,874,852
L1,2026-06-04,3,480,960,897,875
L1,2026-06-05,1,480,960,874,868
L1,2026-06-05,2,480,960,938,934
L1,2026-06-05,3,480,960,939,909
L1,2026-06-06,1,360,720,690,668
L1,2026-06-06,2,360,720,691,670
L1,2026-06-06,3,360,720,687,671
L1,2026-06-07,1,360,720,712,695
L1,2026-06-07,2,360,720,675,668
L1,2026-06-07,3,360,720,667,653
L1,2026-06-08,1,480,960,876,850
L1,2026-06-08,2,480,960,913,902
L1,2026-06-08,3,480,960,915,902
L1,2026-06-09,1,480,960,910,887
L1,2026-06-09,2,480,960,884,876
L1,2026-06-09,3,480,960,873,865
L1,2026-06-10,1,480,960,864,852
L1,2026-06-10,2,480,960,936,919
L1,2026-06-10,3,480,960,901,880
L1,2026-06-11,1,480,960,913,900
L1,2026-06-11,2,480,960,923,918
L1,2026-06-11,3,480,960,871,863
L1,2026-06-12,1,480,960,895,876
L1,2026-06-12,2,480,960,944,923
L1,2026-06-12,3,480,960,901,877
L1,2026-06-13,1,360,720,708,701
L1,2026-06-13,2,360,720,700,686
L1,2026-06-13,3,360,720,676,654
L1,2026-06-14,1,360,720,661,649
L1,2026-06-14,2,360,720,708,702
L1,2026-06-14,3,360,720,683,671
L1,2026-06-15,1,480,960,898,891
L1,2026-06-15,2,480,960,912,898
L1,2026-06-15,3,480,960,932,910
L1,2026-06-16,1,480,960,925,892
L1,2026-06-16,2,480,960,879,851
L1,2026-06-16,3,480,960,906,889
L1,2026-06-17,1,480,960,915,905
L1,2026-06-17,2,480,960,877,865
L1,2026-06-17,3,480,960,915,893
L1,2026-06-18,1,480,960,916,908
L1,2026-06-18,2,480,960,923,903
L1,2026-06-18,3,480,960,939,927
L1,2026-06-19,1,480,960,898,881
L1,2026-06-19,2,480,960,926,906
L1,2026-06-19,3,480,960,871,841
L1,2026-06-20,1,360,720,693,691
L1,2026-06-20,2,360,720,699,692
L1,2026-06-20,3,360,720,648,630
L1,2026-06-21,1,360,720,709,701
L1,2026-06-21,2,360,720,648,638
L1,2026-06-21,3,360,720,706,690
L1,2026-06-22,1,480,960,948,931
L1,2026-06-22,2,480,960,878,861
L1,2026-06-22,3,480,960,905,879
L1,2026-06-23,1,480,960,901,898
L1,2026-06-23,2,480,960,940,932
L1,2026-06-23,3,480,960,936,905
L1,2026-06-24,1,480,960,920,889
L1,2026-06-24,2,480,960,894,887
L1,2026-06-24,3,480,960,877,857
L1,2026-06-25,1,480,960,928,904
L1,2026-06-25,2,480,960,890,877
L1,2026-06-25,3,480,960,873,844
L1,2026-06-26,1,480,960,888,880
L1,2026-06-26,2,480,960,919,894
L1,2026-06-26,3,480,960,919,895
L1,2026-06-27,1,360,720,701,679
L1,2026-06-27,2,360,720,711,692
L1,2026-06-27,3,360,720,685,662
L1,2026-06-28,1,360,720,695,676
L1,2026-06-28,2,360,720,667,658
L1,2026-06-28,3,360,720,712,692
L1,2026-06-29,1,480,960,920,896
L1,2026-06-29,2,480,960,898,879
L1,2026-06-29,3,480,960,894,886
L1,2026-06-30,1,480,960,900,891
L1,2026-06-30,2,480,960,943,910
L1,2026-06-30,3,480,960,866,849
L1,2026-07-01,1,480,960,929,913
L1,2026-07-01,2,480,960,941,913
L1,2026-07-01,3,480,960,893,880
L1,2026-07-02,1,480,960,866,848
L1,2026-07-02,2,480,960,889,879
L1,2026-07-02,3,480,960,883,877
L1,2026-07-03,1,480,960,910,882
L1,2026-07-03,2,480,960,869,847
L1,2026-07-03,3,480,960,887,882
L1,2026-07-04,1,360,720,689,676
L1,2026-07-04,2,360,720,657,637
L1,2026-07-04,3,360,720,702,691
L1,2026-07-05,1,360,720,658,640
L1,2026-07-05,2,360,720,654,640
L1,2026-07-05,3,360,720,661,640
L1,2026-07-06,1,480,960,947,930
L1,2026-07-06,2,480,960,893,887
L1,2026-07-06,3,480,960,875,855
L1,2026-07-07,1,480,960,901,897
L1,2026-07-07,2,480,960,949,936
L1,2026-07-07,3,480,960,903,894
L1,2026-07-08,1,480,960,935,926
L1,2026-07-08,2,480,960,940,926
L1,2026-07-08,3,480,960,908,889
L1,2026-07-09,1,480,960,924,894
L1,2026-07-09,2,480,960,879,861
L1,2026-07-09,3,480,960,917,906
L1,2026-07-10,1,480,960,921,907
L1,2026-07-10,2,480,960,866,844
L1,2026-07-10,3,480,960,915,897
L1,2026-07-11,1,360,720,680,675
L1,2026-07-11,2,360,720,687,685
L1,2026-07-11,3,360,720,682,673
L1,2026-07-12,1,360,720,668,656
L1,2026-07-12,2,360,720,662,641
L1,2026-07-12,3,360,720,660,648
L1,2026-07-13,1,480,960,934,906
L1,2026-07-13,2,480,960,864,843
L1,2026-07-13,3,480,960,936,919
L1,2026-07-14,1,480,960,943,928
L1,2026-07-14,2,480,960,939,921
L1,2026-07-14,3,480,960,904,876
L1,2026-07-15,1,480,960,871,866
L1,2026-07-15,2,480,960,878,848
L1,2026-07-15,3,480,960,949,935
L1,2026-07-16,1,480,960,885,856
L1,2026-07-16,2,480,960,898,873
L1,2026-07-16,3,480,960,925,920
L1,2026-07-17,1,480,960,922,910
L1,2026-07-17,2,480,960,916,898
L1,2026-07-17,3,480,960,898,882
L1,2026-07-18,1,360,720,704,679
L1,2026-07-18,2,360,720,671,650
L1,2026-07-18,3,360,720,662,657
L1,2026-07-19,1,360,720,712,697
L1,2026-07-19,2,360,720,706,695
L1,2026-07-19,3,360,720,677,661
L1,2026-07-20,1,480,960,878,848
L1,2026-07-20,2,480,960,868,847
L1,2026-07-20,3,480,960,926,896
L1,2026-07-21,1,480,960,905,899
L1,2026-07-21,2,480,960,912,898
L1,2026-07-21,3,480,960,949,930
L1,2026-07-22,1,480,960,943,933
L1,2026-07-22,2,480,960,920,890
L1,2026-07-22,3,480,960,891,883
L1,2026-07-23,1,480,960,939,929
L1,2026-07-23,2,480,960,946,932
L1,2026-07-23,3,480,960,914,890
L1,2026-07-24,1,480,960,944,926
L1,2026-07-24,2,480,960,876,848
L1,2026-07-24,3,480,960,918,887
L1,2026-07-25,1,360,720,708,686
L1,2026-07-25,2,360,720,662,653
L1,2026-07-25,3,360,720,706,684
L2,2026-04-27,1,480,800,725,710
L2,2026-04-27,2,480,800,748,732
L2,2026-04-27,3,480,800,789,763
L2,2026-04-28,1,480,800,764,745
L2,2026-04-28,2,480,800,777,771
L2,2026-04-28,3,480,800,728,704
L2,2026-04-29,1,480,800,786,762
L2,2026-04-29,2,480,800,761,742
L2,2026-04-29,3,480,800,782,754
L2,2026-04-30,1,480,800,756,730
L2,2026-04-30,2,480,800,722,716
L2,2026-04-30,3,480,800,775,762
L2,2026-05-01,1,480,800,720,698
L2,2026-05-01,2,480,800,780,757
L2,2026-05-01,3,480,800,774,757
L2,2026-05-02,1,360,600,552,549
L2,2026-05-02,2,360,600,579,571
L2,2026-05-02,3,360,600,550,543
L2,2026-05-03,1,360,600,544,541
L2,2026-05-03,2,360,600,572,567
L2,2026-05-03,3,360,600,556,552
L2,2026-05-04,1,480,800,749,733
L2,2026-05-04,2,480,800,731,728
L2,2026-05-04,3,480,800,727,705
L2,2026-05-05,1,480,800,774,765
L2,2026-05-05,2,480,800,730,705
L2,2026-05-05,3,480,800,731,723
L2,2026-05-06,1,480,800,787,777
L2,2026-05-06,2,480,800,740,723
L2,2026-05-06,3,480,800,755,750
L2,2026-05-07,1,480,800,791,784
L2,2026-05-07,2,480,800,739,731
L2,2026-05-07,3,480,800,747,729
L2,2026-05-08,1,480,800,777,775
L2,2026-05-08,2,480,800,755,747
L2,2026-05-08,3,480,800,789,772
L2,2026-05-09,1,360,600,565,552
L2,2026-05-09,2,360,600,568,559
L2,2026-05-09,3,360,600,591,570
L2,2026-05-10,1,360,600,561,552
L2,2026-05-10,2,360,600,567,549
L2,2026-05-10,3,360,600,548,543
L2,2026-05-11,1,480,800,744,722
L2,2026-05-11,2,480,800,782,761
L2,2026-05-11,3,480,800,789,773
L2,2026-05-12,1,480,800,754,744
L2,2026-05-12,2,480,800,790,772
L2,2026-05-12,3,480,800,784,771
L2,2026-05-13,1,480,800,786,767
L2,2026-05-13,2,480,800,768,741
L2,2026-05-13,3,480,800,789,785
L2,2026-05-14,1,480,800,742,722
L2,2026-05-14,2,480,800,764,742
L2,2026-05-14,3,480,800,724,701
L2,2026-05-15,1,480,800,767,752
L2,2026-05-15,2,480,800,740,715
L2,2026-05-15,3,480,800,721,696
L2,2026-05-16,1,360,600,576,563
L2,2026-05-16,2,360,600,544,532
L2,2026-05-16,3,360,600,587,583
L2,2026-05-17,1,360,600,565,552
L2,2026-05-17,2,360,600,568,552
L2,2026-05-17,3,360,600,558,547
L2,2026-05-18,1,480,800,772,745
L2,2026-05-18,2,480,800,732,716
L2,2026-05-18,3,480,800,726,710
L2,2026-05-19,1,480,800,770,765
L2,2026-05-19,2,480,800,727,706
L2,2026-05-19,3,480,800,746,726
L2,2026-05-20,1,480,800,733,710
L2,2026-05-20,2,480,800,724,704
L2,2026-05-20,3,480,800,776,769
L2,2026-05-21,1,480,800,746,742
L2,2026-05-21,2,480,800,761,751
L2,2026-05-21,3,480,800,781,765
L2,2026-05-22,1,480,800,789,765
L2,2026-05-22,2,480,800,727,710
L2,2026-05-22,3,480,800,735,716
L2,2026-05-23,1,360,600,546,534
L2,2026-05-23,2,360,600,575,558
L2,2026-05-23,3,360,600,566,550
L2,2026-05-24,1,360,600,566,548
L2,2026-05-24,2,360,600,579,569
L2,2026-05-24,3,360,600,589,582
L2,2026-05-25,1,480,800,752,743
L2,2026-05-25,2,480,800,745,724
L2,2026-05-25,3,480,800,741,738
L2,2026-05-26,1,480,800,730,704
L2,2026-05-26,2,480,800,745,739
L2,2026-05-26,3,480,800,771,759
L2,2026-05-27,1,480,800,755,737
L2,2026-05-27,2,480,800,723,721
L2,2026-05-27,3,480,800,771,748
L2,2026-05-28,1,480,800,732,727
L2,2026-05-28,2,480,800,765,752
L2,2026-05-28,3,480,800,724,702
L2,2026-05-29,1,480,800,733,722
L2,2026-05-29,2,480,800,727,714
L2,2026-05-29,3,480,800,765,739
L2,2026-05-30,1,360,600,554,551
L2,2026-05-30,2,360,600,585,578
L2,2026-05-30,3,360,600,589,584
L2,2026-05-31,1,360,600,0,0
L2,2026-05-31,2,360,600,585,568
L2,2026-05-31,3,360,600,546,529
L2,2026-06-01,1,480,800,776,766
L2,2026-06-01,2,480,800,735,715
L2,2026-06-01,3,480,800,722,715
L2,2026-06-02,1,480,800,778,773
L2,2026-06-02,2,480,800,772,769
L2,2026-06-02,3,480,800,771,766
L2,2026-06-03,1,480,800,722,703
L2,2026-06-03,2,480,800,743,720
L2,2026-06-03,3,480,800,782,754
L2,2026-06-04,1,480,800,783,774
L2,2026-06-04,2,480,800,744,730
L2,2026-06-04,3,480,800,766,747
L2,2026-06-05,1,480,800,756,746
L2,2026-06-05,2,480,800,758,747
L2,2026-06-05,3,480,800,743,721
L2,2026-06-06,1,360,600,542,532
L2,2026-06-06,2,360,600,555,545
L2,2026-06-06,3,360,600,573,556
L2,2026-06-07,1,360,600,580,567
L2,2026-06-07,2,360,600,591,581
L2,2026-06-07,3,360,600,575,571
L2,2026-06-08,1,480,800,777,757
L2,2026-06-08,2,480,800,755,746
L2,2026-06-08,3,480,800,770,748
L2,2026-06-09,1,480,800,735,713
L2,2026-06-09,2,480,800,750,732
L2,2026-06-09,3,480,800,743,734
L2,2026-06-10,1,480,800,775,754
L2,2026-06-10,2,480,800,752,748
L2,2026-06-10,3,480,800,781,769
L2,2026-06-11,1,480,800,740,717
L2,2026-06-11,2,480,800,736,724
L2,2026-06-11,3,480,800,726,718
L2,2026-06-12,1,480,800,773,763
L2,2026-06-12,2,480,800,736,721
L2,2026-06-12,3,480,800,769,748
L2,2026-06-13,1,360,600,559,555
L2,2026-06-13,2,360,600,551,535
L2,2026-06-13,3,360,600,551,549
L2,2026-06-14,1,360,600,589,583
L2,2026-06-14,2,360,600,546,530
L2,2026-06-14,3,360,600,547,536
L2,2026-06-15,1,480,800,724,712
L2,2026-06-15,2,480,800,749,731
L2,2026-06-15,3,480,800,764,740
L2,2026-06-16,1,480,800,767,750
L2,2026-06-16,2,480,800,782,766
L2,2026-06-16,3,480,800,785,781
L2,2026-06-17,1,480,800,735,716
L2,2026-06-17,2,480,800,764,749
L2,2026-06-17,3,480,800,787,783
L2,2026-06-18,1,480,800,751,746
L2,2026-06-18,2,480,800,761,740
L2,2026-06-18,3,480,800,763,752
L2,2026-06-19,1,480,800,775,762
L2,2026-06-19,2,480,800,786,778
L2,2026-06-19,3,480,800,746,721
L2,2026-06-20,1,360,600,546,530
L2,2026-06-20,2,360,600,548,541
L2,2026-06-20,3,360,600,588,581
L2,2026-06-21,1,360,600,545,531
L2,2026-06-21,2,360,600,576,568
L2,2026-06-21,3,360,600,569,551
L2,2026-06-22,1,480,800,789,763
L2,2026-06-22,2,480,800,791,782
L2,2026-06-22,3,480,800,764,759
L2,2026-06-23,1,480,800,774,769
L2,2026-06-23,2,480,800,768,765
L2,2026-06-23,3,480,800,760,739
L2,2026-06-24,1,480,800,788,767
L2,2026-06-24,2,480,800,764,744
L2,2026-06-24,3,480,800,721,713
L2,2026-06-25,1,480,800,739,713
L2,2026-06-25,2,480,800,742,732
L2,2026-06-25,3,480,800,759,746
L2,2026-06-26,1,480,800,756,751
L2,2026-06-26,2,480,800,784,766
L2,2026-06-26,3,480,800,744,739
L2,2026-06-27,1,360,600,555,540
L2,2026-06-27,2,360,600,555,536
L2,2026-06-27,3,360,600,564,549
L2,2026-06-28,1,360,600,590,586
L2,2026-06-28,2,360,600,566,564
L2,2026-06-28,3,360,600,579,560
L2,2026-06-29,1,480,800,784,782
L2,2026-06-29,2,480,800,761,752
L2,2026-06-29,3,480,800,725,712
L2,2026-06-30,1,480,800,726,708
L2,2026-06-30,2,480,800,774,771
L2,2026-06-30,3,480,800,763,749
L2,2026-07-01,1,480,800,750,739
L2,2026-07-01,2,480,800,738,732
L2,2026-07-01,3,480,800,728,718
L2,2026-07-02,1,480,800,768,756
L2,2026-07-02,2,480,800,765,757
L2,2026-07-02,3,480,800,775,770
L2,2026-07-03,1,480,800,790,767
L2,2026-07-03,2,480,800,749,724
L2,2026-07-03,3,480,800,779,758
L2,2026-07-04,1,360,600,565,559
L2,2026-07-04,2,360,600,557,539
L2,2026-07-04,3,360,600,569,558
L2,2026-07-05,1,360,600,585,566
L2,2026-07-05,2,360,600,540,525
L2,2026-07-05,3,360,600,561,551
L2,2026-07-06,1,480,800,788,769
L2,2026-07-06,2,480,800,721,712
L2,2026-07-06,3,480,800,740,721
L2,2026-07-07,1,480,800,765,745
L2,2026-07-07,2,480,800,754,732
L2,2026-07-07,3,480,800,730,717
L2,2026-07-08,1,480,800,778,756
L2,2026-07-08,2,480,800,724,713
L2,2026-07-08,3,480,800,777,757
L2,2026-07-09,1,480,800,742,737
L2,2026-07-09,2,480,800,753,745
L2,2026-07-09,3,480,800,766,745
L2,2026-07-10,1,480,800,772,760
L2,2026-07-10,2,480,800,789,782
L2,2026-07-10,3,480,800,738,729
L2,2026-07-11,1,360,600,567,550
L2,2026-07-11,2,360,600,576,563
L2,2026-07-11,3,360,600,582,571
L2,2026-07-12,1,360,600,558,553
L2,2026-07-12,2,360,600,558,553
L2,2026-07-12,3,360,600,550,530
L2,2026-07-13,1,480,800,770,748
L2,2026-07-13,2,480,800,789,780
L2,2026-07-13,3,480,800,784,765
L2,2026-07-14,1,480,800,725,711
L2,2026-07-14,2,480,800,778,764
L2,2026-07-14,3,480,800,727,705
L2,2026-07-15,1,480,800,754,730
L2,2026-07-15,2,480,800,772,770
L2,2026-07-15,3,480,800,740,715
L2,2026-07-16,1,480,800,738,726
L2,2026-07-16,2,480,800,766,756
L2,2026-07-16,3,480,800,776,752
L2,2026-07-17,1,480,800,757,746
L2,2026-07-17,2,480,800,764,759
L2,2026-07-17,3,480,800,744,718
L2,2026-07-18,1,360,600,566,554
L2,2026-07-18,2,360,600,553,538
L2,2026-07-18,3,360,600,546,539
L2,2026-07-19,1,360,600,566,554
L2,2026-07-19,2,360,600,591,583
L2,2026-07-19,3,360,600,549,542
L2,2026-07-20,1,480,800,741,734
L2,2026-07-20,2,480,800,765,758
L2,2026-07-20,3,480,800,791,767
L2,2026-07-21,1,480,800,771,765
L2,2026-07-21,2,480,800,771,752
L2,2026-07-21,3,480,800,761,740
L2,2026-07-22,1,480,800,737,712
L2,2026-07-22,2,480,800,752,734
L2,2026-07-22,3,480,800,721,709
L2,2026-07-23,1,480,800,724,709
L2,2026-07-23,2,480,800,772,752
L2,2026-07-23,3,480,800,725,709
L2,2026-07-24,1,480,800,768,751
L2,2026-07-24,2,480,800,757,748
L2,2026-07-24,3,480,800,723,718
L2,2026-07-25,1,360,600,577,557
L2,2026-07-25,2,360,600,561,552
L2,2026-07-25,3,360,600,541,531
L3,2026-04-27,1,480,1120,1039,1031
L3,2026-04-27,2,480,1120,1074,1047
L3,2026-04-27,3,480,1120,1037,1002
L3,2026-04-28,1,480,1120,1053,1040
L3,2026-04-28,2,480,1120,1069,1038
L3,2026-04-28,3,480,1120,1010,976
L3,2026-04-29,1,480,1120,1022,1015
L3,2026-04-29,2,480,1120,1027,1003
L3,2026-04-29,3,480,1120,1032,1025
L3,2026-04-30,1,480,1120,1077,1073
L3,2026-04-30,2,480,1120,1056,1030
L3,2026-04-30,3,480,1120,1076,1053
L3,2026-05-01,1,480,1120,1061,1040
L3,2026-05-01,2,480,1120,1079,1071
L3,2026-05-01,3,480,1120,1053,1035
L3,2026-05-02,1,360,840,822,809
L3,2026-05-02,2,360,840,805,786
L3,2026-05-02,3,360,840,795,774
L3,2026-05-03,1,360,840,796,779
L3,2026-05-03,2,360,840,765,738
L3,2026-05-03,3,360,840,759,738
L3,2026-05-04,1,480,1120,1023,987
L3,2026-05-04,2,480,1120,1052,1037
L3,2026-05-04,3,480,1120,1081,1053
L3,2026-05-05,1,480,1120,1056,1049
L3,2026-05-05,2,480,1120,1023,1019
L3,2026-05-05,3,480,1120,1098,1065
L3,2026-05-06,1,480,1120,1012,978
L3,2026-05-06,2,480,1120,1095,1071
L3,2026-05-06,3,480,1120,1060,1051
L3,2026-05-07,1,480,1120,1011,984
L3,2026-05-07,2,480,1120,1038,1011
L3,2026-05-07,3,480,1120,1050,1029
L3,2026-05-08,1,480,1120,1076,1073
L3,2026-05-08,2,480,1120,1050,1020
L3,2026-05-08,3,480,1120,1067,1046
L3,2026-05-09,1,360,840,796,778
L3,2026-05-09,2,360,840,785,759
L3,2026-05-09,3,360,840,782,758
L3,2026-05-10,1,360,840,813,786
L3,2026-05-10,2,360,840,797,788
L3,2026-05-10,3,360,840,821,792
L3,2026-05-11,1,480,1120,1060,1051
L3,2026-05-11,2,480,1120,1057,1042
L3,2026-05-11,3,480,1120,1030,1003
L3,2026-05-12,1,480,1120,1050,1045
L3,2026-05-12,2,480,1120,1008,988
L3,2026-05-12,3,480,1120,1106,1074
L3,2026-05-13,1,480,1120,1029,994
L3,2026-05-13,2,480,1120,1008,996
L3,2026-05-13,3,480,1120,1080,1072
L3,2026-05-14,1,480,1120,1011,980
L3,2026-05-14,2,480,1120,1075,1054
L3,2026-05-14,3,480,1120,1014,1008
L3,2026-05-15,1,480,1120,1105,1076
L3,2026-05-15,2,480,1120,1081,1061
L3,2026-05-15,3,480,1120,1042,1019
L3,2026-05-16,1,360,840,816,813
L3,2026-05-16,2,360,840,798,781
L3,2026-05-16,3,360,840,768,762
L3,2026-05-17,1,360,840,756,749
L3,2026-05-17,2,360,840,826,806
L3,2026-05-17,3,360,840,766,756
L3,2026-05-18,1,480,1120,1033,1022
L3,2026-05-18,2,480,1120,1085,1069
L3,2026-05-18,3,480,1120,1081,1069
L3,2026-05-19,1,480,1120,1037,1004
L3,2026-05-19,2,480,1120,1037,1009
L3,2026-05-19,3,480,1120,1039,1025
L3,2026-05-20,1,480,1120,1103,1095
L3,2026-05-20,2,480,1120,1088,1064
L3,2026-05-20,3,480,1120,1014,996
L3,2026-05-21,1,480,1120,1108,1084
L3,2026-05-21,2,480,1120,1056,1022
L3,2026-05-21,3,480,1120,1088,1085
L3,2026-05-22,1,480,1120,1048,1019
L3,2026-05-22,2,480,1120,1030,1021
L3,2026-05-22,3,480,1120,1018,984
L3,2026-05-23,1,360,840,790,785
L3,2026-05-23,2,360,840,827,800
L3,2026-05-23,3,360,840,822,808
L3,2026-05-24,1,360,840,772,761
L3,2026-05-24,2,360,840,793,782
L3,2026-05-24,3,360,840,812,807
L3,2026-05-25,1,480,1120,1091,1061
L3,2026-05-25,2,480,1120,1070,1058
L3,2026-05-25,3,480,1120,1102,1099
L3,2026-05-26,1,480,1120,1040,1016
L3,2026-05-26,2,480,1120,1077,1045
L3,2026-05-26,3,480,1120,1014,985
L3,2026-05-27,1,480,1120,1097,1080
L3,2026-05-27,2,480,1120,1031,1012
L3,2026-05-27,3,480,1120,1098,1072
L3,2026-05-28,1,480,1120,1022,998
L3,2026-05-28,2,480,1120,1075,1069
L3,2026-05-28,3,480,1120,1081,1073
L3,2026-05-29,1,480,1120,1032,1009
L3,2026-05-29,2,480,1120,1022,1009
L3,2026-05-29,3,480,1120,1101,1070
L3,2026-05-30,1,360,840,760,735
L3,2026-05-30,2,360,840,758,747
L3,2026-05-30,3,360,840,819,811
L3,2026-05-31,1,360,840,795,784
L3,2026-05-31,2,360,840,783,775
L3,2026-05-31,3,360,840,790,778
L3,2026-06-01,1,480,1120,1047,1028
L3,2026-06-01,2,480,1120,1051,1031
L3,2026-06-01,3,480,1120,1067,1033
L3,2026-06-02,1,480,1120,1067,1038
L3,2026-06-02,2,480,1120,1055,1030
L3,2026-06-02,3,480,1120,1050,1038
L3,2026-06-03,1,480,1120,1101,1063
L3,2026-06-03,2,480,1120,1043,1037
L3,2026-06-03,3,480,1120,1020,1009
L3,2026-06-04,1,480,1120,1059,1025
L3,2026-06-04,2,480,1120,1011,990
L3,2026-06-04,3,480,1120,1037,1026
L3,2026-06-05,1,480,1120,1035,1006
L3,2026-06-05,2,480,1120,1063,1044
L3,2026-06-05,3,480,1120,1076,1050
L3,2026-06-06,1,360,840,766,755
L3,2026-06-06,2,360,840,756,748
L3,2026-06-06,3,360,840,806,788
L3,2026-06-07,1,360,840,809,791
L3,2026-06-07,2,360,840,822,807
L3,2026-06-07,3,360,840,786,777
L3,2026-06-08,1,480,1120,1092,1083
L3,2026-06-08,2,480,1120,1013,1006
L3,2026-06-08,3,480,1120,1097,1087
L3,2026-06-09,1,480,1120,1105,1093
L3,2026-06-09,2,480,1120,1038,1006
L3,2026-06-09,3,480,1120,1018,986
L3,2026-06-10,1,480,1120,1046,1024
L3,2026-06-10,2,480,1120,1093,1086
L3,2026-06-10,3,480,1120,1022,1014
L3,2026-06-11,1,480,1120,1072,1052
L3,2026-06-11,2,480,1120,1058,1021
L3,2026-06-11,3,480,1120,1087,1066
L3,2026-06-12,1,480,1120,1031,1018
L3,2026-06-12,2,480,1120,1095,1067
L3,2026-06-12,3,480,1120,1107,1070
L3,2026-06-13,1,360,840,816,803
L3,2026-06-13,2,360,840,776,761
L3,2026-06-13,3,360,840,819,809
L3,2026-06-14,1,360,840,809,797
L3,2026-06-14,2,360,840,759,741
L3,2026-06-14,3,360,840,822,793
L3,2026-06-15,1,480,1120,1047,1035
L3,2026-06-15,2,480,1120,1079,1055
L3,2026-06-15,3,480,1120,1062,1041
L3,2026-06-16,1,480,1120,1058,1043
L3,2026-06-16,2,480,1120,1038,1032
L3,2026-06-16,3,480,1120,1041,1008
L3,2026-06-17,1,480,1120,1063,1046
L3,2026-06-17,2,480,1120,1043,1017
L3,2026-06-17,3,480,1120,1064,1028
L3,2026-06-18,1,480,1120,445,430
L3,2026-06-18,2,480,1120,1098,1094
L3,2026-06-18,3,480,1120,1052,1046
L3,2026-06-19,1,480,1120,1018,1005
L3,2026-06-19,2,480,1120,1101,1067
L3,2026-06-19,3,480,1120,1052,1041
L3,2026-06-20,1,360,840,778,754
L3,2026-06-20,2,360,840,781,773
L3,2026-06-20,3,360,840,777,760
L3,2026-06-21,1,360,840,776,768
L3,2026-06-21,2,360,840,800,786
L3,2026-06-21,3,360,840,796,784
L3,2026-06-22,1,480,1120,1102,1073
L3,2026-06-22,2,480,1120,1028,1021
L3,2026-06-22,3,480,1120,1055,1026
L3,2026-06-23,1,480,1120,1088,1081
L3,2026-06-23,2,480,1120,1064,1037
L3,2026-06-23,3,480,1120,1058,1021
L3,2026-06-24,1,480,1120,0,0
L3,2026-06-24,2,480,1120,545,531
L3,2026-06-24,3,480,1120,1107,1101
L3,2026-06-25,1,480,1120,1023,1020
L3,2026-06-25,2,480,1120,1074,1056
L3,2026-06-25,3,480,1120,1061,1039
L3,2026-06-26,1,480,1120,1023,1008
L3,2026-06-26,2,480,1120,1093,1090
L3,2026-06-26,3,480,1120,1067,1051
L3,2026-06-27,1,360,840,818,810
L3,2026-06-27,2,360,840,801,788
L3,2026-06-27,3,360,840,801,798
L3,2026-06-28,1,360,840,819,815
L3,2026-06-28,2,360,840,822,803
L3,2026-06-28,3,360,840,808,784
L3,2026-06-29,1,480,1120,1078,1058
L3,2026-06-29,2,480,1120,1043,1035
L3,2026-06-29,3,480,1120,1082,1066
L3,2026-06-30,1,480,1120,1021,995
L3,2026-06-30,2,480,1120,1033,1016
L3,2026-06-30,3,480,1120,1041,1010
L3,2026-07-01,1,480,1120,1036,1013
L3,2026-07-01,2,480,1120,1059,1045
L3,2026-07-01,3,480,1120,1063,1059
L3,2026-07-02,1,480,1120,904,901
L3,2026-07-02,2,480,1120,1026,1010
L3,2026-07-02,3,480,1120,1029,1012
L3,2026-07-03,1,480,1120,1069,1059
L3,2026-07-03,2,480,1120,1015,1001
L3,2026-07-03,3,480,1120,1103,1095
L3,2026-07-04,1,360,840,769,754
L3,2026-07-04,2,360,840,781,775
L3,2026-07-04,3,360,840,823,796
L3,2026-07-05,1,360,840,828,810
L3,2026-07-05,2,360,840,767,752
L3,2026-07-05,3,360,840,785,768
L3,2026-07-06,1,480,1120,1070,1053
L3,2026-07-06,2,480,1120,1046,1022
L3,2026-07-06,3,480,1120,1083,1047
L3,2026-07-07,1,480,1120,1069,1054
L3,2026-07-07,2,480,1120,1096,1072
L3,2026-07-07,3,480,1120,1012,1003
L3,2026-07-08,1,480,1120,1039,1035
L3,2026-07-08,2,480,1120,1061,1039
L3,2026-07-08,3,480,1120,1049,1045
L3,2026-07-09,1,480,1120,1044,1033
L3,2026-07-09,2,480,1120,1052,1027
L3,2026-07-09,3,480,1120,1057,1035
L3,2026-07-10,1,480,1120,1077,1044
L3,2026-07-10,2,480,1120,1013,979
L3,2026-07-10,3,480,1120,1061,1043
L3,2026-07-11,1,360,840,759,744
L3,2026-07-11,2,360,840,797,776
L3,2026-07-11,3,360,840,791,765
L3,2026-07-12,1,360,840,785,778
L3,2026-07-12,2,360,840,790,780
L3,2026-07-12,3,360,840,823,798
L3,2026-07-13,1,480,1120,1035,1004
L3,2026-07-13,2,480,1120,1030,1018
L3,2026-07-13,3,480,1120,1100,1065
L3,2026-07-14,1,480,1120,1100,1069
L3,2026-07-14,2,480,1120,1085,1077
L3,2026-07-14,3,480,1120,1048,1035
L3,2026-07-15,1,480,1120,1093,1079
L3,2026-07-15,2,480,1120,1078,1062
L3,2026-07-15,3,480,1120,1054,1024
L3,2026-07-16,1,480,1120,1032,1019
L3,2026-07-16,2,480,1120,1107,1089
L3,2026-07-16,3,480,1120,1101,1088
L3,2026-07-17,1,480,1120,1102,1070
L3,2026-07-17,2,480,1120,1029,997
L3,2026-07-17,3,480,1120,1036,1012
L3,2026-07-18,1,360,840,807,785
L3,2026-07-18,2,360,840,761,746
L3,2026-07-18,3,360,840,770,760
L3,2026-07-19,1,360,840,790,774
L3,2026-07-19,2,360,840,810,805
L3,2026-07-19,3,360,840,762,743
L3,2026-07-20,1,480,1120,1042,1011
L3,2026-07-20,2,480,1120,1037,1008
L3,2026-07-20,3,480,1120,1010,998
L3,2026-07-21,1,480,1120,1011,993
L3,2026-07-21,2,480,1120,1076,1068
L3,2026-07-21,3,480,1120,1009,999
L3,2026-07-22,1,480,1120,1075,1045
L3,2026-07-22,2,480,1120,1018,992
L3,2026-07-22,3,480,1120,1095,1088
L3,2026-07-23,1,480,1120,1027,1021
L3,2026-07-23,2,480,1120,1105,1068
L3,2026-07-23,3,480,1120,1045,1041
L3,2026-07-24,1,480,1120,1091,1087
L3,2026-07-24,2,480,1120,1080,1052
L3,2026-07-24,3,480,1120,1032,1014
L3,2026-07-25,1,360,840,790,769
L3,2026-07-25,2,360,840,818,812
L3,2026-07-25,3,360,840,778,763
