wo_id,asset_id,wo_type,opened_ts,closed_ts,failure_mode,technician_notes,parts_used,downtime_hours
WO-24101,AST-003,CORRECTIVE,2026-05-16 06:00:00,2026-05-16 15:30:00,BEARING_WEAR,"Comp tripped on high vib alarm 8.2mm/s. Opened NDE housing, 6312 brg cage broken, rollers pitted. Inner race scored. Replaced both DE+NDE brgs BRG-6312-2RS, regreased EP2. Shaft OK, no scoring. Aligned to 0.03mm. Test run 2hr vib 3.1 steady. Suspect grease contamination - told opr to check auto-luber weekly. PM interval should be reduced imo.","BRG-6312-2RS x2, GRS-EP2 grease",9.5
WO-24188,AST-006,CORRECTIVE,2026-06-01 02:00:00,2026-06-01 08:00:00,BEARING_WEAR,"Hyd pump noisy since Tue, vib climbing on trend. Pulled pump, NU210 roller brg worn, radial play excessive. Seal was leaking, oil level low - probable cause. Fitted new brg + shaft seal. Topped up ISO VG46. Vib back to 2.9. Raised sep ticket for oil level sensor - not reading right.","BRG-NU210 x1, SEAL-TC-50x72",6.0
WO-24290,AST-009,CORRECTIVE,2026-06-25 03:00:00,2026-06-25 15:00:00,BEARING_WEAR,"L3 main motor DE brg failed on night shift, line down. Vib was trending up 10 days but alert missed (dashboard only, nobody checked). 6316 brg seized, had to press out. Minor journal damage, polished ok. New brgs C3 clearance both ends. Balanced coupling. 14 months since last brg change on this asset - matches MTBF for this duty. Recommend predictive monitoring, this was avoidable.",BRG-6316-C3 x2,12.0
WO-24255,AST-011,CORRECTIVE,2026-06-19 08:00:00,2026-06-19 12:30:00,COOLING_DEGRADATION,"Chiller disch temp creeping up 2wks, approach temp widened. Condenser coil choked with dust/fluff from packing area. Chemical cleaned coils, replaced cond filter. Temp back to 68C nominal. Housekeeping issue - packing area extraction not working properly, flagged to facilities.","FLT-COND-JT160, COIL-CLEAN-KIT",4.5
WO-24333,AST-010,CORRECTIVE,2026-07-03 07:00:00,2026-07-03 08:00:00,SENSOR_FAULT,"Vib reading flat 2.9 exactly for days - obviously stuck, pump sounded normal. Accelerometer cable chafed thru at gland, intermittent then failed steady. Replaced sensor + cable, rerouted away from steam line. Reading live again. NOTE: system showed GOOD quality flag whole time - flag logic only checks range not variance. Should flag stuck values.","TX-VIB-100mV x1, CBL-M12-5M",1.0
WO-24400,AST-001,PREVENTIVE,2026-05-11 09:00:00,2026-05-11 11:12:00,,"Routine PM done. Greased brgs, checked alignment, all params nominal.",,2.2
WO-24401,AST-001,PREVENTIVE,2026-06-12 09:00:00,2026-06-12 10:36:00,,"Routine PM done. Greased brgs, checked alignment, all params nominal.",GRS-EP2 grease,1.6
WO-24402,AST-001,PREVENTIVE,2026-07-14 09:00:00,2026-07-14 11:36:00,,PM as per schedule. Belt tension adjusted. No abnormality observed.,,2.6
WO-24403,AST-002,PREVENTIVE,2026-05-12 09:00:00,2026-05-12 11:30:00,,"Quarterly PM. Changed oil, cleaned strainer. Vib/temp within limits.",GRS-EP2 grease,2.5
WO-24404,AST-002,PREVENTIVE,2026-06-12 09:00:00,2026-06-12 10:18:00,,"Quarterly PM. Changed oil, cleaned strainer. Vib/temp within limits.",,1.3
WO-24405,AST-002,PREVENTIVE,2026-07-10 09:00:00,2026-07-10 11:18:00,,"Quarterly PM. Changed oil, cleaned strainer. Vib/temp within limits.",GRS-EP2 grease,2.3
WO-24406,AST-003,PREVENTIVE,2026-05-12 09:00:00,2026-05-12 11:48:00,,"Routine PM done. Greased brgs, checked alignment, all params nominal.",GRS-EP2 grease,2.8
WO-24407,AST-003,PREVENTIVE,2026-06-09 09:00:00,2026-06-09 10:24:00,,"PM done with line stop. Coupling insert inspected, 30% wear, will change next PM.",,1.4
WO-24408,AST-003,PREVENTIVE,2026-07-11 09:00:00,2026-07-11 12:12:00,,"Routine PM done. Greased brgs, checked alignment, all params nominal.",GRS-EP2 grease,3.2
WO-24409,AST-004,PREVENTIVE,2026-05-10 09:00:00,2026-05-10 11:48:00,,"PM done with line stop. Coupling insert inspected, 30% wear, will change next PM.",GRS-EP2 grease,2.8
WO-24410,AST-004,PREVENTIVE,2026-06-11 09:00:00,2026-06-11 11:36:00,,Annual PM. Meggered motor 550Mohm OK. Cleaned cooling fins. Ok to run.,,2.6
WO-24411,AST-004,PREVENTIVE,2026-07-09 09:00:00,2026-07-09 10:30:00,,"Routine PM done. Greased brgs, checked alignment, all params nominal.",GRS-EP2 grease,1.5
WO-24412,AST-005,PREVENTIVE,2026-05-10 09:00:00,2026-05-10 10:06:00,,"Routine PM done. Greased brgs, checked alignment, all params nominal.",GRS-EP2 grease,1.1
WO-24413,AST-005,PREVENTIVE,2026-06-08 09:00:00,2026-06-08 11:12:00,,"Routine PM done. Greased brgs, checked alignment, all params nominal.",GRS-EP2 grease,2.2
WO-24414,AST-005,PREVENTIVE,2026-07-05 09:00:00,2026-07-05 12:18:00,,"Quarterly PM. Changed oil, cleaned strainer. Vib/temp within limits.",GRS-EP2 grease,3.3
WO-24415,AST-006,PREVENTIVE,2026-05-10 09:00:00,2026-05-10 12:06:00,,"Quarterly PM. Changed oil, cleaned strainer. Vib/temp within limits.",,3.1
WO-24416,AST-006,PREVENTIVE,2026-06-12 09:00:00,2026-06-12 10:30:00,,"PM done with line stop. Coupling insert inspected, 30% wear, will change next PM.",,1.5
WO-24417,AST-006,PREVENTIVE,2026-07-13 09:00:00,2026-07-13 10:18:00,,"PM done with line stop. Coupling insert inspected, 30% wear, will change next PM.",,1.3
WO-24418,AST-007,PREVENTIVE,2026-05-08 09:00:00,2026-05-08 12:24:00,,"Routine PM done. Greased brgs, checked alignment, all params nominal.",GRS-EP2 grease,3.4
WO-24419,AST-007,PREVENTIVE,2026-06-05 09:00:00,2026-06-05 11:36:00,,"PM done with line stop. Coupling insert inspected, 30% wear, will change next PM.",,2.6
WO-24420,AST-007,PREVENTIVE,2026-07-04 09:00:00,2026-07-04 11:12:00,,"Quarterly PM. Changed oil, cleaned strainer. Vib/temp within limits.",,2.2
WO-24421,AST-008,PREVENTIVE,2026-05-07 09:00:00,2026-05-07 10:06:00,,"PM done with line stop. Coupling insert inspected, 30% wear, will change next PM.",,1.1
WO-24422,AST-008,PREVENTIVE,2026-06-05 09:00:00,2026-06-05 10:48:00,,Annual PM. Meggered motor 550Mohm OK. Cleaned cooling fins. Ok to run.,GRS-EP2 grease,1.8
WO-24423,AST-008,PREVENTIVE,2026-07-07 09:00:00,2026-07-07 10:42:00,,"Quarterly PM. Changed oil, cleaned strainer. Vib/temp within limits.",,1.7
WO-24424,AST-009,PREVENTIVE,2026-05-06 09:00:00,2026-05-06 11:24:00,,Annual PM. Meggered motor 550Mohm OK. Cleaned cooling fins. Ok to run.,GRS-EP2 grease,2.4
WO-24425,AST-009,PREVENTIVE,2026-06-01 09:00:00,2026-06-01 10:54:00,,"PM done with line stop. Coupling insert inspected, 30% wear, will change next PM.",,1.9
WO-24426,AST-009,PREVENTIVE,2026-06-28 09:00:00,2026-06-28 10:12:00,,PM as per schedule. Belt tension adjusted. No abnormality observed.,,1.2
WO-24427,AST-010,PREVENTIVE,2026-05-07 09:00:00,2026-05-07 11:42:00,,"Routine PM done. Greased brgs, checked alignment, all params nominal.",,2.7
WO-24428,AST-010,PREVENTIVE,2026-06-07 09:00:00,2026-06-07 11:24:00,,"Quarterly PM. Changed oil, cleaned strainer. Vib/temp within limits.",GRS-EP2 grease,2.4
WO-24429,AST-010,PREVENTIVE,2026-07-06 09:00:00,2026-07-06 11:30:00,,Annual PM. Meggered motor 550Mohm OK. Cleaned cooling fins. Ok to run.,GRS-EP2 grease,2.5
WO-24430,AST-011,PREVENTIVE,2026-05-08 09:00:00,2026-05-08 10:06:00,,PM as per schedule. Belt tension adjusted. No abnormality observed.,GRS-EP2 grease,1.1
WO-24431,AST-011,PREVENTIVE,2026-06-07 09:00:00,2026-06-07 11:00:00,,PM as per schedule. Belt tension adjusted. No abnormality observed.,GRS-EP2 grease,2.0
WO-24432,AST-011,PREVENTIVE,2026-07-10 09:00:00,2026-07-10 11:24:00,,"Quarterly PM. Changed oil, cleaned strainer. Vib/temp within limits.",GRS-EP2 grease,2.4
WO-24433,AST-012,PREVENTIVE,2026-05-01 09:00:00,2026-05-01 10:42:00,,"Quarterly PM. Changed oil, cleaned strainer. Vib/temp within limits.",GRS-EP2 grease,1.7
WO-24434,AST-012,PREVENTIVE,2026-06-03 09:00:00,2026-06-03 12:00:00,,PM as per schedule. Belt tension adjusted. No abnormality observed.,GRS-EP2 grease,3.0
WO-24435,AST-012,PREVENTIVE,2026-07-03 09:00:00,2026-07-03 11:36:00,,"Routine PM done. Greased brgs, checked alignment, all params nominal.",,2.6
